RECUPERATE_DATE,DOSE_DAYS_SUM,RECUPERATE_DATE_1,temp_diff,ilsahap_mj_m2,ilsohap_hr
20120102,595,20120102,7.1,6.16,5.9
20120103,573,20120103,6.6,4.46,2.7
20120104,398,20120104,5.3,8.05,8.1
20120105,605,20120105,8.5,9.14,9
20120106,681,20120106,6.9,8.57,8.4
20120107,173,20120107,10,8.26,8.5
20120108,10,20120108,5.9,4.81,2.8
20120109,335,20120109,4.5,5.34,2.4
20120110,448,20120110,7.3,7.51,6.6
20120111,208,20120111,4.8,9.28,9
20120112,857,20120112,9.9,6.95,6.3
20120113,541,20120113,6.7,7.45,6.7
20120114,145,20120114,9,8.79,8.7
20120116,457,20120116,12.9,8.99,9.1
20120117,684,20120117,8.2,7.04,5.2
20120118,226,20120118,7.6,6.8,4.6
20120119,1075,20120119,7,4.23,0.3
20120120,647,20120120,4.6,4.17,0.9
20120121,77,20120121,8.3,4.34,0
20120122,10,20120122,9.2,10.49,9
20120125,552,20120125,6.6,11.23,9.5
20120126,516,20120126,10.3,8.19,7.5
20120127,547,20120127,9.3,5.67,2.9
20120128,202,20120128,9.1,9.34,7.1
20120130,459,20120130,8,11.29,9.5
20120131,686,20120131,8.2,3.53,1.9
20120201,466,20120201,7.2,12.09,9.5
20120202,678,20120202,7.6,11.97,9.6
20120203,743,20120203,10.6,11.61,9.4
20120204,174,20120204,6.2,11.66,9.5
20120206,781,20120206,10.2,8.12,4.3
20120207,207,20120207,11.4,12.61,9.6
20120208,517,20120208,8.3,11.72,9.6
20120209,737,20120209,8.5,11.26,9.2
20120210,539,20120210,8.6,9.13,7.8
20120211,97,20120211,10,12.82,9.7
20120212,21,20120212,9.8,12.56,8.9
20120213,555,20120213,8.2,9.1,5.2
20120214,738,20120214,8.6,11.19,7.5
20120215,592,20120215,7.1,11.6,8.2
20120216,1026,20120216,8.8,12.97,9.6
20120217,446,20120217,5.9,11.51,8.3
20120218,161,20120218,7.4,13.84,9.8
20120220,464,20120220,10.8,12.33,9.6
20120221,298,20120221,6.4,5.42,0.5
20120222,505,20120222,12.9,12.03,8.7
20120223,480,20120223,7.1,9.79,5.8
20120224,318,20120224,9.5,8.89,4.7
20120225,234,20120225,7.3,8.62,3.6
20120227,708,20120227,11.1,15.1,10.5
20120228,588,20120228,10.5,9.24,3.5
20120229,558,20120229,13.3,13.54,9.2
20120301,28,20120301,10.6,13.24,7.7
20120302,520,20120302,4.3,5.47,2.1
20120303,185,20120303,10.2,12.99,8.9
20120305,651,20120305,5.4,3.76,0
20120306,508,20120306,2.8,1.66,0
20120307,417,20120307,7.9,12.11,7.2
20120308,644,20120308,5.5,10.7,4
20120309,732,20120309,11.2,11.14,5.3
20120310,142,20120310,7.6,13.7,7
20120312,624,20120312,8.9,18.2,11.2
20120313,982,20120313,10.1,15.5,9.2
20120314,714,20120314,4.1,2.94,0.3
20120315,550,20120315,13.5,17.19,10.4
20120316,548,20120316,7.2,6.41,0
20120317,65,20120317,9.3,12.65,5.5
20120319,346,20120319,7.7,15.36,9.8
20120320,533,20120320,10.2,18.95,11.3
20120321,450,20120321,10.9,18.93,11
20120322,676,20120322,8.1,9.92,2
20120323,303,20120323,7.4,1.38,0
20120324,280,20120324,5.4,13.08,7.5
20120326,679,20120326,8.9,19.83,11.6
20120327,654,20120327,9.9,9.92,4.9
20120328,570,20120328,9.4,14.83,8.2
20120329,437,20120329,10.3,11.61,4.9
20120330,557,20120330,6.1,4.02,0
20120331,121,20120331,7.6,15.87,10.2
20120402,339,20120402,10.6,5.81,0.2
20120403,870,20120403,8.3,5.81,2.9
20120404,532,20120404,10.6,17.62,10.5
20120405,573,20120405,9.1,20.07,11.7
20120406,414,20120406,7,17.62,7.8
20120407,108,20120407,11.8,21.6,12
20120409,841,20120409,11.7,18.81,8.4
20120410,733,20120410,5.4,3.57,0
20120411,122,20120411,8.3,11.26,5.4
20120412,463,20120412,7.1,12.43,4.3
20120413,549,20120413,7.7,10.91,1
20120414,143,20120414,10.5,18.26,8.1
20120416,508,20120416,10.7,17.98,8
20120417,659,20120417,12.2,20.86,11.9
20120418,278,20120418,12.1,15.75,7.8
20120419,507,20120419,12.1,17.84,8.3
20120420,267,20120420,10.2,18.54,9.3
20120421,128,20120421,6.8,2.56,0
20120423,691,20120423,8.2,6.32,0.6
20120424,932,20120424,14.4,18.71,9.2
20120425,400,20120425,10.2,1.82,0
20120426,460,20120426,8.8,23.44,12.7
20120427,483,20120427,14.5,21.43,11.9
20120428,177,20120428,8.3,19.21,8.9
20120430,675,20120430,14,23.01,12.4
20120501,180,20120501,11,16.74,6.4
20120502,457,20120502,10.1,19.26,10
20120503,676,20120503,8.4,19.2,9.6
20120504,605,20120504,11.4,22.82,12.2
20120507,533,20120507,12.7,20.96,10.2
20120508,389,20120508,13.8,19.51,9
20120509,627,20120509,12.4,21.08,10.7
20120510,472,20120510,11.1,19.37,11.1
20120511,382,20120511,6,7.96,0.4
20120512,91,20120512,6.7,12.1,1.8
20120514,698,20120514,2.1,1.97,0
20120515,709,20120515,9.7,22.03,10.6
20120516,523,20120516,9.3,18.89,7.6
20120517,505,20120517,6.6,15.79,7.9
20120518,574,20120518,12.5,23.04,12.7
20120519,189,20120519,12.7,20.56,11.6
20120521,330,20120521,11.7,22.87,12.4
20120522,479,20120522,11.5,22.75,12.4
20120523,503,20120523,9.5,22.34,10.4
20120524,785,20120524,7,10.26,1.5
20120525,519,20120525,10.4,22.94,11.5
20120526,268,20120526,12,17.15,8
20120527,3,20120527,6.3,11.32,2.8
20120529,1023,20120529,6.6,13.48,3
20120530,638,20120530,5,8.81,0.6
20120531,536,20120531,10.6,18.14,8.4
20120601,522,20120601,10.4,17.15,6.1
20120602,268,20120602,9.6,18.6,7.5
20120604,735,20120604,10.5,20.59,11.6
20120605,625,20120605,7.7,18.06,10
20120607,840,20120607,10.9,16.96,5.5
20120608,396,20120608,8.9,11.32,1.7
20120609,111,20120609,11.3,18.43,7.6
20120611,430,20120611,7.5,14.05,4.3
20120612,562,20120612,9.9,14.61,7.3
20120613,578,20120613,10.6,16.21,6.4
20120614,520,20120614,12.4,21.66,9
20120615,564,20120615,7.6,15.34,4.7
20120616,179,20120616,9.7,19.07,10.2
20120618,362,20120618,10.1,19.45,8.2
20120619,902,20120619,12.6,19.65,9.3
20120620,571,20120620,10,22.74,13
20120621,761,20120621,11.1,20.01,9.2
20120622,621,20120622,8,15.05,3.6
20120623,198,20120623,10.2,18.28,7.5
20120625,393,20120625,11,21.95,10.9
20120626,338,20120626,10.2,22.96,12.8
20120627,395,20120627,11.7,20.95,9.4
20120628,568,20120628,8.7,13.63,4.9
20120629,218,20120629,9,13.62,4.8
20120630,229,20120630,3.5,3.2,0.1
20120702,627,20120702,8.1,17.2,6.2
20120703,806,20120703,6,7.06,3.2
20120704,512,20120704,4.8,10.52,1.6
20120705,801,20120705,3.7,1.87,0
20120706,787,20120706,1.9,2.97,0
20120707,206,20120707,12.5,22.23,12
20120709,474,20120709,10.4,18.07,6.7
20120710,789,20120710,7.4,7.96,0.7
20120711,644,20120711,5.5,5.08,0.8
20120712,437,20120712,7.4,8.55,1
20120713,363,20120713,7.5,11,2.6
20120714,158,20120714,5.8,7.05,0.3
20120716,716,20120716,6,8.64,0.5
20120717,501,20120717,7.4,10.77,0.3
20120718,337,20120718,3.7,6.86,0.8
20120719,600,20120719,4.1,8.6,2.4
20120720,453,20120720,7.6,15.51,7.3
20120721,276,20120721,7.3,15.92,6.8
20120723,501,20120723,4.9,8.83,1.7
20120724,505,20120724,6.6,16.81,8.4
20120725,504,20120725,7.9,20.67,10.6
20120726,791,20120726,8.3,23.33,13
20120727,511,20120727,7.4,17.2,9.1
20120728,70,20120728,8,16.95,8.4
20120730,523,20120730,8.6,11.85,5
20120731,581,20120731,6.4,15.02,6.4
20120801,614,20120801,9.4,17.27,9.8
20120802,508,20120802,8.7,18.09,11.7
20120803,432,20120803,8.3,21.72,12.9
20120804,98,20120804,8,21.67,11.3
20120806,607,20120806,8,15.26,9.4
20120807,732,20120807,8.4,17.56,9.2
20120808,546,20120808,8.7,18.15,9.7
20120809,827,20120809,8,17.46,8.5
20120810,370,20120810,3.3,5.38,0.2
20120811,256,20120811,7.8,10.16,2.6
20120813,594,20120813,10,15.01,6.5
20120814,1261,20120814,8,15.87,6.9
20120816,543,20120816,6.2,13.85,4.4
20120817,267,20120817,7.9,11.17,3.8
20120818,167,20120818,2.8,3.65,0
20120820,501,20120820,3.1,3.06,0
20120821,616,20120821,5.2,7.64,0.6
20120822,506,20120822,4.3,6.71,0
20120823,711,20120823,5.2,9.53,1.8
20120824,411,20120824,5,8.09,0.1
20120825,205,20120825,7.4,7.63,2.3
20120827,1034,20120827,8.4,16.28,9.2
20120828,599,20120828,7.6,1.02,0
20120829,743,20120829,7.4,12.26,7
20120830,601,20120830,6,1.52,0
20120831,594,20120831,9.7,19.57,11.3
20120901,279,20120901,7.1,16.07,8.2
20120903,582,20120903,6.3,9.1,3.7
20120904,373,20120904,4.7,4.16,0.5
20120905,561,20120905,6.9,18.7,9.7
20120906,640,20120906,11.1,20.97,12
20120907,842,20120907,10.3,15.22,7.7
20120908,122,20120908,6,7.74,2.9
20120910,635,20120910,10.5,16.41,10.5
20120911,241,20120911,9.4,16.28,10.5
20120912,358,20120912,5.2,5.85,0.2
20120913,377,20120913,2.5,1.62,0
20120914,354,20120914,4.5,10,2.1
20120915,230,20120915,8.5,13.3,7.2
20120917,743,20120917,2.4,0.87,0
20120918,746,20120918,6.9,13.9,9.1
20120919,767,20120919,7.5,12.26,7.6
20120920,751,20120920,9.1,10.96,7.9
20120921,630,20120921,7.1,9.52,5.2
20120922,242,20120922,11.2,15.78,9.6
20120924,961,20120924,11.4,17.01,11.2
20120925,896,20120925,10.9,17.37,10.8
20120926,593,20120926,7.9,10.97,5.6
20120927,582,20120927,5.9,9.02,1.7
20120928,509,20120928,6.6,5.41,4
20120929,4,20120929,5.8,14.38,8.6
20121002,578,20121002,10.6,12.74,8.4
20121003,18,20121003,11,14.71,9.1
20121004,638,20121004,9.8,13.59,10.3
20121005,433,20121005,7.9,10.1,4.4
20121006,289,20121006,8.4,13.28,8.8
20121008,726,20121008,8.8,13.34,8.7
20121009,1046,20121009,8.6,10.16,5.6
20121010,426,20121010,7.7,6.29,3.5
20121011,701,20121011,9.1,15.99,10.7
20121012,585,20121012,12.9,14.46,10.6
20121013,161,20121013,11.8,12,9.4
20121015,466,20121015,11.5,14.35,10.5
20121016,394,20121016,12.6,13.08,8.2
20121017,843,20121017,9.5,12.54,7.2
20121018,464,20121018,11,14.74,10.4
20121019,320,20121019,9.8,12.76,9.8
20121020,135,20121020,10.5,10.4,6.8
20121022,439,20121022,8.6,0.85,0.3
20121023,587,20121023,10,14.23,10
20121024,943,20121024,8.9,5.26,3.5
20121025,534,20121025,7.4,7.3,4
20121026,289,20121026,11.2,11.92,8.9
20121027,303,20121027,3.9,0.38,0
20121029,604,20121029,8.7,9.88,6.4
20121030,430,20121030,6.6,11.83,9.6
20121031,379,20121031,8.8,9.97,6.4
20121101,617,20121101,7.3,12.8,9.8
20121102,521,20121102,10.8,12.61,9.8
20121103,270,20121103,12.5,11.14,9.5
20121104,7,20121104,6.2,4.21,1.3
20121105,624,20121105,3.5,1.92,0.5
20121106,676,20121106,3.5,2.04,0.7
20121107,492,20121107,8.4,8.46,6.5
20121108,471,20121108,6.6,4.06,0
20121109,324,20121109,10.6,10.8,8.4
20121110,278,20121110,5.5,10.64,9.1
20121111,30,20121111,8.4,1.71,0.7
20121112,900,20121112,3.3,3.34,1.4
20121113,649,20121113,7.4,7.72,7.2
20121114,407,20121114,7.3,11.13,9.3
20121115,888,20121115,10.1,10.51,9.5
20121116,629,20121116,7.2,2.72,0.6
20121117,95,20121117,6.5,8.51,7.4
20121119,596,20121119,8.1,7.13,5.8
20121120,910,20121120,8.2,9.72,8.9
20121121,558,20121121,8.8,6.19,5.1
20121122,490,20121122,8.6,6.78,5.2
20121123,736,20121123,6.6,8.01,6.4
20121124,64,20121124,8.5,10.63,9.3
20121126,949,20121126,6.3,9.2,8.1
20121127,384,20121127,9.3,9.89,9.3
20121128,450,20121128,10.3,3.85,3.5
20121129,503,20121129,6.6,8.82,8.2
20121130,356,20121130,9.2,6.9,5.9
20121201,62,20121201,9.9,9.09,8.9
20121203,341,20121203,6.6,0.66,0
20121204,678,20121204,5.8,9.63,9.2
20121205,460,20121205,5.4,1.99,0.1
20121206,523,20121206,7.4,8.25,6.8
20121207,523,20121207,4,2.33,0
20121208,147,20121208,5.7,8.74,8.7
20121209,14,20121209,6.2,9.16,9
20121210,512,20121210,7.2,9.1,9
20121211,686,20121211,9.6,8.35,9
20121212,720,20121212,9,8.34,8.8
20121213,576,20121213,9.6,7.47,8
20121214,544,20121214,4.4,0.61,0
20121215,430,20121215,6.4,6.02,4.5
20121217,822,20121217,7.9,7.1,7.2
20121218,718,20121218,5.2,8.97,9
20121220,597,20121220,8.1,7.63,7.9
20121221,739,20121221,2.7,2.38,0
20121222,133,20121222,5.1,4.59,4.1
20121223,14,20121223,6.6,8.84,8.8
20121224,633,20121224,9.1,8.93,9
20121226,399,20121226,7.5,9.22,9
20121227,625,20121227,10.5,7.81,7.3
20121228,897,20121228,5,2.5,0
20121229,302,20121229,2.5,0.97,0
20121231,502,20121231,6.6,9.45,9
20130102,536,20130102,10.3,9.62,9.1
20130103,734,20130103,7.1,9.78,9.1
20130104,555,20130104,9,9.54,9.2
20130105,147,20130105,10.9,8.09,7.5
20130107,636,20130107,8.9,7.8,5.8
20130108,902,20130108,6.1,8.55,8
20130109,738,20130109,4.3,10.07,9.3
20130110,601,20130110,8.7,9.74,9.1
20130111,679,20130111,9.3,7.52,6.1
20130112,167,20130112,6.9,5.67,3.2
20130114,364,20130114,6.1,5.89,4.5
20130115,635,20130115,7.5,6.87,4.1
20130116,378,20130116,6.2,5.16,4
20130117,774,20130117,5.7,7.97,7.3
20130118,635,20130118,9.4,9.79,9.3
20130119,187,20130119,7.1,7.74,6.5
20130121,498,20130121,2.9,0.97,0
20130122,616,20130122,4,4.16,0
20130123,446,20130123,2.8,0.89,0
20130124,497,20130124,9.1,3.52,2.4
20130125,389,20130125,4.3,11.26,9.5
20130126,274,20130126,6.8,11.27,9.6
20130128,598,20130128,9.1,6.04,3.7
20130129,685,20130129,4,1.8,0
20130130,620,20130130,5,4.65,0.7
20130131,526,20130131,7.8,7.45,6.4
20130201,550,20130201,5.6,0.64,0
20130202,334,20130202,8.2,12.19,9.4
20130204,383,20130204,5.8,8.18,6.1
20130205,791,20130205,6.7,3.16,0
20130206,709,20130206,3.3,9.35,5.8
20130207,670,20130207,11.2,13.63,9.8
20130208,520,20130208,9.7,12.85,9.3
20130212,473,20130212,2.9,5.78,0.2
20130213,531,20130213,9.2,13.01,9.3
20130214,491,20130214,7.8,11.31,7.4
20130215,536,20130215,6.7,14.35,9.7
20130216,368,20130216,9.6,13.9,9.6
20130218,912,20130218,5.6,10.1,5.7
20130219,947,20130219,7.7,14.59,9.6
20130220,497,20130220,8.7,14.55,9.5
20130221,432,20130221,7.8,13.68,9
20130222,511,20130222,7.4,11.62,7.4
20130223,59,20130223,6.8,14.41,9.7
20130225,194,20130225,9.3,10.64,6.2
20130226,432,20130226,5,3.14,0
20130227,914,20130227,8,13.21,7
20130228,563,20130228,15,11.39,6.7
20130302,213,20130302,7.5,14.67,9.7
20130304,609,20130304,9.6,10.62,5.8
20130305,675,20130305,9.8,15.92,10.7
20130306,843,20130306,13.4,11.78,6.9
20130307,504,20130307,7.4,4.79,2.2
20130308,374,20130308,10.3,11.61,6.1
20130309,295,20130309,17.6,13.95,9.4
20130311,1092,20130311,14.7,17.9,11.2
20130312,791,20130312,10.1,6.16,3
20130313,490,20130313,6.6,9.72,5.7
20130314,373,20130314,8.9,15.69,9.3
20130315,534,20130315,10.5,16.66,10.7
20130316,263,20130316,11.1,15.76,10.8
20130318,482,20130318,8.9,16.12,9.3
20130319,659,20130319,6.2,8.28,3.2
20130320,757,20130320,11,11.32,5.6
20130321,721,20130321,11.2,18.56,11.2
20130322,637,20130322,6,4.67,0.7
20130323,146,20130323,13.3,18.45,11.2
20130325,627,20130325,8.5,19.9,11.5
20130326,582,20130326,11.3,18.86,11.5
20130327,678,20130327,13.5,19.85,11.4
20130328,545,20130328,7.6,10.62,4
20130329,329,20130329,9.8,20.29,11.7
20130330,335,20130330,7.9,9.76,3.4
20130401,610,20130401,10.1,10.14,0.9
20130402,653,20130402,3.7,3.26,0.6
20130403,702,20130403,10.2,17.39,8.7
20130404,586,20130404,14.2,18.18,10.7
20130405,792,20130405,9.8,10.99,2.1
20130406,246,20130406,10.5,2.48,0
20130408,585,20130408,11.3,15.6,7.5
20130409,660,20130409,7.5,17.86,10.2
20130410,767,20130410,6.8,12.56,8.6
20130411,411,20130411,5.9,15.41,10.1
20130412,447,20130412,9.7,18.42,11.6
20130413,107,20130413,14.1,19.53,10
20130415,396,20130415,9.9,9.58,2.2
20130416,856,20130416,10.5,11.55,2.7
20130417,520,20130417,10.3,19.62,9.4
20130418,514,20130418,7.3,16.75,7.8
20130419,390,20130419,9.9,20.53,10.2
20130420,221,20130420,6.1,3.73,0.1
20130422,639,20130422,11.6,21.53,10.7
20130423,528,20130423,5.1,4.96,0
20130424,443,20130424,9.7,21.46,11.8
20130425,426,20130425,5.9,7.66,2.7
20130426,525,20130426,9.4,19.71,11.7
20130427,234,20130427,10.3,21.5,11.6
20130429,696,20130429,8.7,14.17,6.7
20130430,471,20130430,11.8,22.65,10.7
20130501,226,20130501,9.9,20.16,10.5
20130502,386,20130502,8.1,14.27,8.9
20130503,500,20130503,9.2,14.75,6.2
20130504,204,20130504,10.3,21.12,11.2
20130506,891,20130506,13.4,20.57,10.8
20130507,646,20130507,14.8,20.1,10.9
20130508,633,20130508,13.5,22.89,11.7
20130509,420,20130509,8.3,10.55,4
20130510,323,20130510,5.7,3.54,0
20130511,211,20130511,13.8,22.71,11.2
20130512,35,20130512,6.1,12.43,5.2
20130513,669,20130513,9.1,20.7,10.4
20130514,289,20130514,8.3,15.56,4.4
20130515,947,20130515,8.8,21.21,11.2
20130516,540,20130516,13,25.49,13.2
20130518,233,20130518,8.6,9.95,0.6
20130520,715,20130520,6.4,8.68,4.3
20130521,639,20130521,14.4,25.13,12.8
20130522,801,20130522,12,14.8,5.3
20130523,875,20130523,14.8,22.85,11.5
20130524,586,20130524,11.8,20.78,10.5
20130525,269,20130525,13.6,20.6,10.1
20130527,465,20130527,4.9,2.89,0
20130528,1018,20130528,3.3,2.11,0
20130529,609,20130529,3.2,2.35,0
20130530,763,20130530,10.7,23.53,11.7
20130531,721,20130531,13.9,21.92,11.1
20130601,373,20130601,10.5,20.67,9.3
20130603,645,20130603,8.3,21.29,10.9
20130604,799,20130604,10.9,20.25,9.6
20130605,891,20130605,11.3,21.11,10.6
20130607,471,20130607,10.4,21.77,11.8
20130608,165,20130608,10.2,15.11,6.6
20130610,640,20130610,10.6,24.93,12.8
20130611,641,20130611,6.2,7.09,0
20130612,345,20130612,2.9,4.41,0
20130613,1008,20130613,8.7,15.42,4.5
20130614,777,20130614,8.8,16.69,7.8
20130615,258,20130615,7.8,21.07,10.6
20130617,572,20130617,5.9,7.97,1.1
20130618,621,20130618,2.6,2.15,0
20130619,446,20130619,9,16.34,6.8
20130620,833,20130620,10.2,18.28,7.6
20130621,522,20130621,8.9,15.49,5.2
20130622,265,20130622,6.9,12.8,4.4
20130624,522,20130624,9.8,16.37,6.7
20130625,799,20130625,8.8,13.06,3.9
20130626,815,20130626,8.6,18.09,9.2
20130627,402,20130627,11.4,18.06,7.5
20130628,522,20130628,9.1,19.12,10.1
20130629,99,20130629,10.8,18.62,8.9
20130701,695,20130701,7.4,16.01,5.9
20130702,658,20130702,6.4,2.54,0
20130703,478,20130703,10.2,23.67,11.8
20130704,612,20130704,4.5,3.1,0
20130705,334,20130705,8.1,18.66,7.2
20130706,204,20130706,9,19.19,8.7
20130708,730,20130708,4,1.59,0
20130709,938,20130709,2.7,3.74,0
20130710,710,20130710,1.5,2.5,0
20130711,363,20130711,1.3,1.24,0
20130712,380,20130712,1.1,1.2,0
20130713,266,20130713,3.4,3.09,0
20130715,390,20130715,5.5,8.38,1.8
20130716,531,20130716,3.6,4.44,0.3
20130717,446,20130717,2.2,3.98,0
20130718,222,20130718,3.9,3.73,1.8
20130719,516,20130719,7.2,13.11,6.8
20130720,170,20130720,5,10.78,4.2
20130722,663,20130722,5.3,5.22,0.9
20130723,1152,20130723,1.7,1.23,0
20130724,472,20130724,4.4,9.64,5.6
20130725,713,20130725,7.3,18.68,9.5
20130726,347,20130726,8,20.64,10
20130727,70,20130727,8.1,16.04,6.8
20130729,635,20130729,5.2,11.91,5.3
20130730,385,20130730,5.9,12.18,5.2
20130731,857,20130731,4.3,13.31,5.9
20130801,543,20130801,7.6,12.73,6
20130802,794,20130802,4.1,5.49,0.9
20130803,286,20130803,5.9,16.52,8.9
20130805,551,20130805,3.7,10.13,4.5
20130806,730,20130806,4.6,4.71,2.8
20130807,471,20130807,7.1,11.01,1.3
20130808,628,20130808,5.5,9.72,5
20130809,725,20130809,2.9,4.98,0.1
20130810,167,20130810,3.6,6.17,2.6
20130812,624,20130812,5.5,17.21,10.7
20130813,917,20130813,6.3,18.12,11.5
20130814,541,20130814,5.8,14.52,9.9
20130816,774,20130816,5.6,13.2,7.2
20130817,79,20130817,4.5,15,6.9
20130819,832,20130819,6.6,19.44,9.7
20130820,947,20130820,9.3,18.37,10.6
20130821,967,20130821,9.7,18.53,11.6
20130822,412,20130822,6,13.83,8.8
20130823,434,20130823,5,7.05,1
20130824,58,20130824,9.6,20.97,10.9
20130826,676,20130826,8.8,19.53,12.1
20130827,626,20130827,6.8,18.9,11.5
20130828,522,20130828,8.1,17.96,9.7
20130829,763,20130829,2.2,2.21,0
20130830,800,20130830,6,16.96,10.7
20130831,205,20130831,6.8,12.58,6
20130902,776,20130902,9.6,17.95,10.8
20130903,651,20130903,10.4,22.07,12.1
20130904,527,20130904,11.1,20.16,12.1
20130905,905,20130905,6.2,9.42,1.2
20130906,619,20130906,4.1,5.83,0
20130907,371,20130907,9,15.69,8.9
20130908,18,20130908,9.5,18.1,10.6
20130909,887,20130909,6.7,9.75,2.7
20130910,521,20130910,6.1,5.23,0.2
20130911,465,20130911,1.8,1.52,0
20130912,724,20130912,6,7.29,0.5
20130913,698,20130913,4.3,3.02,0.2
20130914,537,20130914,3.8,6.14,2.4
20130916,734,20130916,11.8,20.04,11.8
20130917,739,20130917,12.3,16.73,9.6
20130921,185,20130921,7.9,11.15,6
20130923,690,20130923,10.4,15.72,10
20130924,701,20130924,3.9,1.44,0
20130925,1052,20130925,8.9,16.81,9.5
20130926,729,20130926,9.8,18.54,11.3
20130927,1048,20130927,13.1,16.2,10.8
20130928,387,20130928,4.7,3.67,0
20130929,91,20130929,5,3.7,0
20130930,608,20130930,7.5,11.47,5.6
20131001,945,20131001,10,13.26,6.1
20131002,635,20131002,7.8,12.39,7.1
20131003,7,20131003,10.3,17.12,11.2
20131004,857,20131004,14.4,16.82,11
20131005,127,20131005,15.5,17.44,10.9
20131007,792,20131007,7.1,7.38,1.4
20131008,1085,20131008,3.8,2.66,0
20131010,486,20131010,10.5,10.99,7
20131011,680,20131011,6.6,13.86,9.8
20131012,143,20131012,10.5,15.26,10.8
20131014,723,20131014,11.1,12.93,10.1
20131015,585,20131015,9.7,1.3,0
20131016,606,20131016,10.7,15.21,10.5
20131017,393,20131017,12.1,13.66,10.3
20131018,448,20131018,12.1,14.04,10
20131019,181,20131019,9.7,9.78,5.6
20131020,21,20131020,11.2,12.57,8.5
20131021,539,20131021,10.2,13.13,9.1
20131022,1105,20131022,10.4,13.8,9.8
20131023,769,20131023,9.9,13.2,9.5
20131024,504,20131024,10.7,11.63,9.2
20131025,399,20131025,9.2,13.46,9.9
20131026,351,20131026,11.4,12.91,9.8
20131028,772,20131028,10,8.18,5.7
20131029,868,20131029,7,5.64,2
20131030,678,20131030,9.8,11.54,8.6
20131031,599,20131031,13.3,11.74,9.6
20131101,443,20131101,12.1,10.16,8.1
20131102,342,20131102,6.3,1.94,0
20131104,660,20131104,8.4,9.32,7.7
20131105,711,20131105,11,10.82,9.2
20131106,588,20131106,6.9,2.83,0
20131107,462,20131107,8.3,11.87,9.4
20131108,560,20131108,10.5,10.39,8.4
20131109,288,20131109,6.3,3.63,0.4
20131111,770,20131111,8.9,11.63,9.7
20131112,532,20131112,9.6,11.29,9.7
20131113,938,20131113,12.3,10.7,8.9
20131114,803,20131114,6.8,4.3,0.9
20131115,327,20131115,6.6,5.88,3.5
20131116,273,20131116,9.6,8.24,5.6
20131117,45,20131117,5.4,5.59,5.8
20131118,620,20131118,5.7,8.62,8.4
20131119,779,20131119,5.5,6.68,7.3
20131120,478,20131120,7.8,10.5,9.3
20131121,688,20131121,8.7,10.22,9.3
20131122,523,20131122,11.2,7.88,7.6
20131123,186,20131123,10.3,8.03,8.2
20131125,933,20131125,10.3,2.06,0.7
20131126,804,20131126,8.2,6.87,5
20131127,916,20131127,9,3.01,2.3
20131128,834,20131128,5.5,9.58,8.9
20131129,541,20131129,10.2,9.68,9.2
20131130,449,20131130,11.7,7.63,8.5
20131201,10,20131201,7.2,7.19,6.1
20131202,565,20131202,6.5,2.07,0
20131203,447,20131203,5.4,6.51,6.9
20131204,607,20131204,7.5,6.56,6.9
20131205,534,20131205,6.9,3.15,0.3
20131206,455,20131206,7.7,9.35,9
20131207,154,20131207,7.2,6.48,5.6
20131209,462,20131209,3.3,0.52,0
20131210,648,20131210,5.7,8.77,8.7
20131211,725,20131211,4.5,7.63,8.3
20131212,768,20131212,6.6,2.71,1.8
20131213,506,20131213,4.6,9.38,8.6
20131214,395,20131214,7.1,4.96,4.7
20131216,819,20131216,7.8,5.31,1.8
20131217,859,20131217,10.2,7.28,5
20131218,606,20131218,7.4,6.83,5.3
20131219,541,20131219,5.6,5.94,5.7
20131220,856,20131220,8,7.55,8.1
20131221,169,20131221,7.2,7.98,8.3
20131223,984,20131223,6,8.64,8.5
20131224,1309,20131224,9.9,8.38,8.6
20131226,790,20131226,6.7,2.57,0.9
20131227,700,20131227,5.6,8.85,8.6
20131228,173,20131228,7.1,9.43,9
20131230,502,20131230,8.2,6.26,7.2
20131231,570,20131231,7.5,7.45,7.9
20140102,935,20140102,7.5,9.18,9
20140103,728,20140103,8.4,4.69,2.7
20140104,247,20140104,9.3,8.14,8.7
20140106,902,20140106,10.1,7.9,8.1
20140107,973,20140107,5.2,3.36,0
20140108,633,20140108,9.7,5.59,3.5
20140109,678,20140109,6.1,10.06,9.3
20140110,584,20140110,8.4,6.91,4.4
20140111,215,20140111,7.8,7.57,6.4
20140113,857,20140113,8.9,10.16,9.3
20140114,788,20140114,10,9.24,9.1
20140115,718,20140115,9.8,9.09,9
20140116,979,20140116,7.6,4.14,1.1
20140117,341,20140117,7.5,6.69,6.2
20140118,228,20140118,5.7,9.57,8.4
20140120,735,20140120,6.1,2.55,0
20140121,544,20140121,4.1,5.38,3.1
20140122,431,20140122,11.1,9.6,9
20140123,671,20140123,9.3,7.56,5.8
20140124,513,20140124,6.8,3.09,0
20140125,279,20140125,6.7,1.43,0
20140126,56,20140126,7.6,11.5,9.5
20140127,1022,20140127,11.4,9.88,8.7
20140128,805,20140128,7.6,10.74,8.1
20140129,612,20140129,13.5,10.45,7.9
20140203,342,20140203,11,8.03,4.6
20140204,600,20140204,6.8,12.8,9.7
20140205,688,20140205,9.2,10.96,7.2
20140206,744,20140206,9.7,9.68,6.7
20140207,628,20140207,9.6,9,5.2
20140208,115,20140208,4,4.73,0.9
20140210,799,20140210,7.3,10.12,6
20140211,536,20140211,9,13.48,9.7
20140212,770,20140212,7.1,8.68,5.1
20140213,499,20140213,8.6,10.77,6.5
20140214,368,20140214,8.3,10.28,6.8
20140215,113,20140215,10.4,13.19,9.8
20140217,603,20140217,7.6,8.25,3.2
20140218,853,20140218,5.1,8.72,3.1
20140219,622,20140219,8.6,11.18,8.1
20140220,741,20140220,6.7,11.19,7.8
20140221,566,20140221,10.9,14.18,10.1
20140222,228,20140222,9.5,12.29,9.4
20140223,60,20140223,10.3,10.62,7.3
20140224,805,20140224,9.6,10.25,6.3
20140225,983,20140225,11.7,11.77,8
20140226,717,20140226,15,12.87,8.2
20140227,665,20140227,9.3,9.59,5.4
20140228,336,20140228,11,9.8,4.3
20140303,632,20140303,12.9,14.41,10.4
20140304,656,20140304,10.1,11.23,6.3
20140305,486,20140305,6.7,16.73,10.7
20140306,685,20140306,8,12.73,9.6
20140307,842,20140307,8.9,16.53,10.6
20140308,201,20140308,9.2,11.88,7.4
20140310,447,20140310,11.3,17.39,11.1
20140311,412,20140311,10.3,10.41,4.3
20140312,366,20140312,5.5,3.81,0.9
20140313,729,20140313,6.7,7,0.8
20140314,557,20140314,10,15.46,10.5
20140315,158,20140315,13.3,12.89,7
20140317,640,20140317,12.5,9.26,5.4
20140318,655,20140318,8.3,12.35,7.1
20140319,336,20140319,4.9,6.59,0.1
20140320,515,20140320,7.5,8.03,4.1
20140321,297,20140321,10.8,19,11.4
20140322,250,20140322,13.2,16.08,9.9
20140324,608,20140324,10.7,14.77,7.7
20140325,501,20140325,6.3,7.76,0.7
20140326,603,20140326,10.1,12.46,6.4
20140327,940,20140327,12.7,14.14,7.9
20140328,772,20140328,12.5,14.67,7
20140329,198,20140329,4.8,3.49,0
20140331,700,20140331,11.4,14.6,7.9
20140401,510,20140401,13.5,17.51,10.4
20140402,807,20140402,12,17.06,10.1
20140403,614,20140403,8.1,4.78,0
20140404,650,20140404,9.4,18.75,10
20140405,121,20140405,7.5,16.45,8.2
20140406,49,20140406,10.5,21.58,12.1
20140407,661,20140407,11.8,17.59,9.3
20140408,734,20140408,14,20.03,11.5
20140409,559,20140409,8.3,14.69,6.5
20140410,771,20140410,12.8,14.68,7.7
20140411,647,20140411,8.6,16.1,7.5
20140412,234,20140412,6.1,6.29,0
20140414,512,20140414,10.3,18.66,10.6
20140415,913,20140415,7.5,15.62,6.7
20140416,533,20140416,9.4,5.67,1.7
20140417,864,20140417,12.5,11.6,4.4
20140418,851,20140418,11,17.54,8.2
20140419,267,20140419,7,11.47,1.3
20140420,60,20140420,11.6,21.22,11.3
20140421,690,20140421,11.6,19.82,10.8
20140422,845,20140422,13.7,18.92,10.5
20140423,324,20140423,14.5,20.88,11.8
20140424,439,20140424,14.1,19.56,9.7
20140425,817,20140425,13.6,20.37,11.5
20140426,180,20140426,12.1,13.94,5
20140428,1085,20140428,2.8,4.88,0
20140429,788,20140429,7,11.74,2.2
20140430,420,20140430,10,15.08,6.8
20140501,77,20140501,11.7,22.2,12
20140502,933,20140502,13.7,16.31,7.9
20140503,143,20140503,11.3,24.92,13.1
20140507,711,20140507,13.6,20.91,10.4
20140508,806,20140508,8,13.37,6.7
20140509,385,20140509,14,22.53,11.5
20140510,474,20140510,15.4,23.58,12.4
20140512,910,20140512,6.8,16.56,7.5
20140513,733,20140513,13.7,22.13,11.7
20140514,699,20140514,10.6,23.18,11.6
20140515,515,20140515,9.2,23.55,11.3
20140516,465,20140516,13.9,22.87,12
20140517,106,20140517,11.9,20.42,12.3
20140519,764,20140519,12.1,19.95,8.5
20140520,678,20140520,12.3,17.56,6.2
20140521,750,20140521,10.6,24.14,12
20140522,848,20140522,14.7,23.62,12.5
20140523,720,20140523,10.2,19.11,8.8
20140524,138,20140524,11,14.66,5
20140525,49,20140525,6.6,6.72,0
20140526,1092,20140526,8.2,21.68,9.4
20140527,518,20140527,11.6,23.2,12.1
20140528,831,20140528,9.9,20.12,9.4
20140529,478,20140529,13.4,23.84,12.4
20140530,805,20140530,14.5,22.85,12
20140531,183,20140531,12.8,22.25,10.7
20140602,673,20140602,4,5.17,0.1
20140603,902,20140603,3.5,5.27,0
20140604,118,20140604,9.1,20.18,7.9
20140605,549,20140605,5.7,12.01,0.6
20140607,182,20140607,7.4,15.83,6.1
20140609,934,20140609,10.2,16.88,8.6
20140610,1173,20140610,9.3,15.19,6.5
20140611,965,20140611,8.6,11.08,4.3
20140612,696,20140612,9.8,20.56,8.7
20140613,534,20140613,7.4,12.33,4.8
20140614,226,20140614,9.4,23.48,12
20140616,655,20140616,9.9,19.62,10.9
20140617,706,20140617,9.2,15.4,5.3
20140618,629,20140618,8.6,19.31,9.7
20140619,381,20140619,4.8,9.02,2.7
20140620,529,20140620,7.9,10.49,1.7
20140621,214,20140621,8.4,13.26,1
20140622,60,20140622,8.8,15.45,5.8
20140623,888,20140623,3.8,6.62,1.5
20140624,524,20140624,7.8,18.44,9.7
20140625,478,20140625,8.8,15.52,5.1
20140626,718,20140626,9.3,19.65,10.5
20140627,482,20140627,8.9,20.09,9.8
20140628,308,20140628,7.1,17.04,7.4
20140630,495,20140630,9,20.77,10.3
20140701,474,20140701,10.1,15.2,8
20140702,820,20140702,9,14.33,3.7
20140703,774,20140703,3.3,6.07,0.9
20140704,332,20140704,10.7,22.25,11.3
20140705,279,20140705,7.4,14.19,3.9
20140707,723,20140707,13,24.84,13.2
20140708,783,20140708,5.6,8.31,3.6
20140709,599,20140709,7.4,11.03,2.5
20140710,698,20140710,9,21.7,10.1
20140711,690,20140711,9.8,28.64,12
20140712,328,20140712,6.7,,0.8
20140713,63,20140713,6.4,,5.9
20140714,994,20140714,7.9,,9.2
20140715,715,20140715,8.4,,3.8
20140716,475,20140716,8.7,,7
20140717,524,20140717,6,,3.2
20140718,409,20140718,8,,5.8
20140719,231,20140719,6,,0.2
20140721,900,20140721,7.2,,7
20140722,762,20140722,3.6,,0
20140723,964,20140723,3.5,5.93,0.7
20140724,786,20140724,5.4,6.82,1.3
20140725,574,20140725,11.6,12.36,4.9
20140726,234,20140726,6.5,3.48,0.8
20140728,729,20140728,9.7,17.34,7.6
20140729,647,20140729,6.7,18.86,9.8
20140730,457,20140730,8.5,15.4,8.1
20140731,727,20140731,8.6,15.93,7.9
20140801,478,20140801,10,18.08,9.5
20140802,153,20140802,7.1,16.96,6.6
20140804,547,20140804,4.9,7.22,0.9
20140805,889,20140805,4.2,6.81,1.6
20140806,342,20140806,3.7,3.94,0
20140807,729,20140807,4.5,6.26,0.7
20140808,555,20140808,8.7,19.64,11.7
20140809,58,20140809,9.3,22.35,11.5
20140811,797,20140811,10.3,19.44,12
20140812,1042,20140812,8.1,16.57,10
20140813,695,20140813,4.2,6.14,0
20140814,548,20140814,2.8,4.32,0.2
20140815,10,20140815,8.7,12.53,6.4
20140816,169,20140816,9.6,15.5,8.8
20140817,60,20140817,2.1,3.2,0
20140818,1197,20140818,3.5,6.42,0.5
20140819,671,20140819,4.9,4.37,0.4
20140820,639,20140820,5.6,6.74,1
20140821,497,20140821,2.8,4.94,0.2
20140822,447,20140822,6.4,13.56,7.7
20140823,161,20140823,6.9,12.29,6.3
20140825,1306,20140825,4.5,8.43,1.2
20140826,997,20140826,8,11.38,3.8
20140827,575,20140827,7.5,14.77,8.7
20140828,625,20140828,10.9,18.41,11.2
20140829,773,20140829,9.1,14.21,7.8
20140830,72,20140830,10.8,17.6,9.7
20140901,674,20140901,9.3,13.6,6.2
20140902,857,20140902,8.4,10.67,2.6
20140903,1065,20140903,3.2,2.57,0
20140904,883,20140904,9.6,17.14,11.9
20140905,531,20140905,9,16.45,7.9
20140906,283,20140906,10.5,18.51,9.9
20140910,111,20140910,12.2,18.02,11.7
20140911,830,20140911,11.7,16.71,10.9
20140912,653,20140912,8,9.31,2.1
20140913,170,20140913,9.7,15.27,10.1
20140915,816,20140915,6.9,12.92,4.4
20140916,1027,20140916,11.2,16.64,9.9
20140917,643,20140917,5,6.82,0
20140918,646,20140918,10.8,13.77,9.2
20140919,836,20140919,13.5,16.52,10.6
20140920,242,20140920,12.7,18.14,11.4
20140921,60,20140921,8.1,7.84,4.4
20140922,674,20140922,12.9,16.15,11.1
20140923,534,20140923,10.9,15.04,9.9
20140924,823,20140924,5.8,6.96,2.5
20140925,507,20140925,10,13.69,8
20140926,489,20140926,5.6,8.01,3
20140927,307,20140927,6.8,9.76,6.8
20140929,1018,20140929,3,2.03,0
20140930,353,20140930,8.3,14.02,10.2
20141001,534,20141001,9.5,11.31,7.2
20141002,681,20141002,3,2.51,0
20141004,226,20141004,11.4,15.61,10.8
20141006,1460,20141006,12.1,15.32,10.6
20141007,368,20141007,10.9,13.32,9.9
20141008,665,20141008,13.6,14.67,10.6
20141010,577,20141010,13.8,15.11,10.6
20141011,272,20141011,12,15.6,10.7
20141012,63,20141012,15.1,15.03,10.2
20141013,859,20141013,10.7,14.38,9.3
20141014,927,20141014,11.5,15.13,10.7
20141015,613,20141015,11.1,13.26,9.1
20141016,622,20141016,8.7,12.93,7.9
20141017,897,20141017,14.6,14.32,10.2
20141018,207,20141018,13.1,13,9.6
20141020,642,20141020,4.2,1.51,0
20141021,727,20141021,3.8,1.8,0
20141022,529,20141022,8.3,12.22,8.1
20141023,682,20141023,12.1,13.3,9.9
20141024,561,20141024,11.1,9.72,7.5
20141025,259,20141025,9.3,9.85,6
20141027,529,20141027,10.8,14.28,9.8
20141028,848,20141028,16.7,13.73,9.7
20141029,584,20141029,15.9,11.81,9
20141030,418,20141030,13.1,9.39,5.9
20141031,226,20141031,5.4,4.4,0.3
20141101,191,20141101,7.8,9.77,6
20141103,602,20141103,11,12.97,9.7
20141104,617,20141104,13.1,12.23,9.7
20141105,892,20141105,12,9.74,8
20141106,681,20141106,8.2,8.04,6.8
20141107,571,20141107,11.4,10.46,9.5
20141108,93,20141108,8.2,4.58,0.8
20141110,904,20141110,13,11.53,9.7
20141111,593,20141111,9.9,7.89,7.1
20141112,590,20141112,11.3,9.39,8.4
20141113,758,20141113,7.4,11.81,9.4
20141114,263,20141114,11.4,10.66,9.5
20141115,242,20141115,10,10.34,9.3
20141116,14,20141116,9.8,9,7.5
20141117,825,20141117,5.2,6.32,5.7
20141118,759,20141118,8.7,11.06,9.4
20141119,433,20141119,13.2,9.97,9
20141120,1250,20141120,11.9,9.2,8.8
20141121,889,20141121,10.6,7.46,6.1
20141122,369,20141122,4.7,1.93,0.4
20141124,609,20141124,5.2,3.64,0
20141125,786,20141125,8.5,8.14,5.7
20141126,659,20141126,8.1,8.67,7.4
20141127,737,20141127,8.2,5.44,3.3
20141128,569,20141128,3.6,1.21,0
20141129,278,20141129,7.3,8.47,6.7
20141201,697,20141201,15.1,5.49,4.6
20141202,814,20141202,5.5,10.4,9
20141203,478,20141203,6,5.88,4.5
20141204,575,20141204,7.2,8.91,8.9
20141205,623,20141205,7.6,10.05,9.3
20141206,493,20141206,8.3,9.5,9.1
20141208,617,20141208,7.5,9.38,8.9
20141209,717,20141209,11.5,9.25,9
20141210,953,20141210,6.1,3.29,0.7
20141211,338,20141211,8.4,7.8,7.2
20141212,732,20141212,7.5,6.08,4.2
20141213,266,20141213,5.3,9.67,9.1
20141214,63,20141214,9.2,6.58,5.4
20141215,1062,20141215,3.7,2.3,0
20141216,363,20141216,11.1,9.72,8.2
20141217,709,20141217,5.9,9.26,9.2
20141218,863,20141218,11,9.85,9.2
20141219,485,20141219,8.1,4.27,0.4
20141220,199,20141220,8.7,9.1,7.6
20141222,947,20141222,10.5,7.03,6.6
20141223,942,20141223,7.5,4.77,2
20141224,703,20141224,9.5,6.66,7.6
20141226,692,20141226,9.9,9.6,9.1
20141227,91,20141227,11.3,8.47,8.7
20141228,14,20141228,5.2,2.93,0.3
20141229,873,20141229,6.9,4.98,3.4
20141230,486,20141230,7.9,8.22,7.6
20141231,584,20141231,8.6,8.49,6.7
20150102,586,20150102,7.1,9.07,7.6
20150103,422,20150103,12.3,8.66,7.9
20150104,28,20150104,8.3,5.32,3.6
20150105,581,20150105,9,6.48,4.4
20150106,1088,20150106,11.6,10.47,9.2
20150107,777,20150107,8.3,10.12,9.2
20150108,822,20150108,9.3,10.09,9.2
20150109,355,20150109,10.3,8.74,9.1
20150110,169,20150110,10.4,9.41,9.1
20150111,1,20150111,6.8,9.6,9.2
20150112,525,20150112,11,10.05,9.3
20150113,649,20150113,10.9,8.14,5.8
20150114,272,20150114,6.4,3.36,0.3
20150115,533,20150115,10.1,8.47,7.2
20150116,466,20150116,5.9,2.79,1.3
20150117,107,20150117,7.7,10.89,9.3
20150119,752,20150119,7.1,7.52,7.4
20150120,570,20150120,10.8,9.79,8.7
20150121,756,20150121,7.7,5.67,1.5
20150122,828,20150122,6.3,5.51,1.6
20150123,320,20150123,6.5,6.88,6.7
20150124,363,20150124,7.6,8.35,7.2
20150126,526,20150126,6.3,3.06,1.1
20150127,531,20150127,7.9,11.85,9.4
20150128,360,20150128,11.8,10.98,8.9
20150129,505,20150129,7.6,4.09,0
20150130,538,20150130,7.8,10.69,9
20150131,267,20150131,9.3,12.07,9.7
20150201,28,20150201,11.8,12.34,9.7
20150202,780,20150202,11.7,10.21,7.6
20150203,760,20150203,10.7,10.3,9.1
20150204,547,20150204,8.9,9.31,7.9
20150205,557,20150205,8.6,10.43,9
20150206,1022,20150206,10.8,11.5,9.5
20150207,113,20150207,8.4,6.2,4.1
20150209,432,20150209,12.9,10.34,7.3
20150210,1616,20150210,7.8,5.88,5
20150211,827,20150211,8.8,11.1,8
20150212,804,20150212,6.3,13.4,9.7
20150213,674,20150213,10.4,13.33,9.8
20150214,228,20150214,9.7,3.13,0.3
20150216,1042,20150216,3.8,1.41,0
20150217,741,20150217,3.6,4.86,2.4
20150218,5,20150218,4.8,5.48,1.6
20150221,73,20150221,1.9,2.74,0
20150223,740,20150223,8.3,12.64,8
20150224,747,20150224,8.6,13.75,9.3
20150225,791,20150225,12.3,11.32,5.8
20150226,750,20150226,8.2,12.37,9.1
20150227,647,20150227,10.4,15.22,9.3
20150228,226,20150228,8.4,5.9,0
20150301,42,20150301,6.1,9.47,5.5
20150302,667,20150302,11.6,15.5,10.3
20150303,907,20150303,8,4.6,0
20150304,327,20150304,6,16.79,10.8
20150305,696,20150305,10.9,12.96,8.6
20150306,990,20150306,13.6,16.17,10.9
20150307,122,20150307,13.3,16,10.6
20150309,694,20150309,13.6,15.27,9.4
20150310,960,20150310,7.9,18.52,11
20150311,1067,20150311,12.6,12.06,10
20150312,788,20150312,10.2,17.66,11.1
20150313,693,20150313,9.2,18.08,11
20150314,413,20150314,12.8,16.81,9.8
20150316,613,20150316,17.3,16.19,10
20150317,428,20150317,9.2,5.91,0.3
20150318,484,20150318,6,4.62,0
20150319,595,20150319,14.5,16.82,10.6
20150320,403,20150320,14.3,15.98,8.4
20150321,210,20150321,10.9,14.97,8.3
20150323,735,20150323,10.1,19.17,11.5
20150324,807,20150324,13.3,19.59,11.6
20150325,619,20150325,14.1,18.79,11.5
20150326,875,20150326,13.2,19.14,11.6
20150327,995,20150327,13,18.41,11.3
20150328,86,20150328,14.5,17.9,10.3
20150330,491,20150330,14.9,17.94,10.8
20150331,1087,20150331,4.9,3.09,0
20150401,804,20150401,7.6,14.44,5.3
20150402,502,20150402,13.3,11.5,4.8
20150403,647,20150403,8.2,7.42,2.4
20150404,206,20150404,9.6,12.62,5.5
20150405,42,20150405,2.1,2.89,0
20150406,1043,20150406,8.5,10.2,1.7
20150407,1157,20150407,6.7,10.17,4.7
20150408,682,20150408,10.2,14.69,8.3
20150409,1304,20150409,12.5,18.2,10.8
20150410,839,20150410,14.6,20.67,11.6
20150411,505,20150411,14,19.87,11.6
20150413,764,20150413,10.2,14.89,5.6
20150414,1103,20150414,2.2,5.33,0
20150415,337,20150415,11.4,16.51,8.5
20150416,420,20150416,7.9,3.64,1.1
20150417,400,20150417,11.3,22.45,12.1
20150418,320,20150418,18.5,19.74,9.8
20150419,28,20150419,6.1,5.15,0
20150420,548,20150420,6.5,8.68,3.2
20150421,768,20150421,13.2,22.93,12.5
20150422,523,20150422,11.4,19.32,11.2
20150423,397,20150423,12.1,21.03,10.8
20150424,632,20150424,12.4,22.53,12.2
20150425,127,20150425,13.8,22.89,12.6
20150427,452,20150427,12.2,22.03,12.3
20150428,948,20150428,14.6,19.07,9.6
20150429,654,20150429,2.6,5.86,0
20150430,652,20150430,13.2,21.6,12.3
20150501,35,20150501,11.3,22.13,12.3
20150502,249,20150502,10.2,15.24,6.6
20150503,28,20150503,2.5,5.26,0.3
20150504,740,20150504,7.6,24.18,12.4
20150505,35,20150505,11.6,25.05,12.9
20150506,673,20150506,12.2,16.16,6.6
20150507,463,20150507,13.4,18.9,9.2
20150508,867,20150508,11,14.53,3.9
20150509,367,20150509,11.4,21.61,10.6
20150511,457,20150511,9.7,13.34,3.8
20150512,786,20150512,7.2,12.77,4.7
20150513,522,20150513,9.6,23.36,12.4
20150514,418,20150514,11.3,19.15,8.7
20150515,1001,20150515,7.4,10.61,3.6
20150516,217,20150516,13.6,25.62,13.3
20150518,920,20150518,8.5,13.57,2.8
20150519,523,20150519,3.2,3.31,0.2
20150520,469,20150520,11.3,24.87,12.9
20150521,948,20150521,13.4,24.6,12.4
20150522,758,20150522,13.5,24.5,12.9
20150523,306,20150523,14.7,23.67,12.3
20150525,31,20150525,14.3,24.39,13.4
20150526,987,20150526,16.2,25.46,13.4
20150527,681,20150527,17.1,25.76,13.5
20150528,1081,20150528,15.5,23.3,12.3
20150529,761,20150529,11.3,18.44,8.1
20150530,144,20150530,6.2,9.2,4
20150601,661,20150601,12.7,20.01,12
20150602,820,20150602,11.7,21.87,12.5
20150603,872,20150603,12.3,26.58,13.2
20150604,563,20150604,14.4,,9.9
20150605,587,20150605,4.5,5.94,0.3
20150608,864,20150608,9.6,14.74,5.1
20150609,755,20150609,9.3,19.71,10.6
20150610,460,20150610,17.3,23.47,11.1
20150611,402,20150611,9.5,11.53,4.2
20150612,358,20150612,10.5,22.5,11.9
20150613,360,20150613,10.8,16.79,8.5
20150615,545,20150615,11,18.62,9.2
20150616,546,20150616,10.9,21.08,9.8
20150617,548,20150617,10.6,15.34,7.1
20150618,706,20150618,11.7,20.21,8.9
20150619,528,20150619,9.9,18.87,9.2
20150620,342,20150620,5.6,3.25,0
20150621,28,20150621,14,23.21,12.8
20150622,1251,20150622,9.7,21.88,11.3
20150623,827,20150623,11.3,20.76,11.7
20150624,419,20150624,9.5,18.02,8.6
20150625,669,20150625,8.1,11.93,2.4
20150626,393,20150626,7.3,10.37,0.3
20150627,253,20150627,11.9,26.17,12.6
20150629,437,20150629,9.4,22.5,11.4
20150630,892,20150630,7.3,8.49,2.8
20150701,605,20150701,6.9,23.03,11.7
20150702,820,20150702,8.9,20.63,11.1
20150703,503,20150703,9.1,22.48,11.1
20150704,135,20150704,11.7,20.86,10.9
20150706,994,20150706,12.3,20.44,9.9
20150707,892,20150707,8.3,14.8,5.5
20150708,557,20150708,5.6,12.41,1.3
20150709,593,20150709,9.7,14.1,4.5
20150710,532,20150710,10.7,17.95,8.7
20150711,223,20150711,10.3,17.99,9.9
20150712,28,20150712,4,4.84,0
20150713,1004,20150713,3.5,3.52,0.1
20150714,845,20150714,8.9,20.45,10.1
20150715,952,20150715,11.2,19.53,11.4
20150716,590,20150716,8.3,20.99,11.2
20150717,562,20150717,10.2,18.65,8.1
20150718,260,20150718,5.5,8.93,1.1
20150719,63,20150719,8.5,12.69,3.4
20150720,865,20150720,6.8,10.48,1.7
20150721,578,20150721,5,7.53,0.3
20150722,656,20150722,6.4,8.63,2.2
20150723,821,20150723,7.2,8.55,2.3
20150724,462,20150724,2.8,3.79,0
20150725,211,20150725,2,1.93,0
20150727,546,20150727,5.6,9.43,3.6
20150728,898,20150728,6.6,15.95,7.2
20150729,856,20150729,4,5.49,0.2
20150730,659,20150730,7.6,15.12,7.9
20150731,692,20150731,6.2,14.93,6.7
20150803,788,20150803,5.9,12.74,6
20150804,1143,20150804,5.4,9.77,3.7
20150805,671,20150805,6.8,15.78,7.5
20150806,216,20150806,9.9,21.48,11.8
20150807,521,20150807,8.4,15.11,7.5
20150808,330,20150808,8.7,11.69,5
20150810,822,20150810,8.1,18.83,8.6
20150811,542,20150811,6.1,11.2,2.2
20150812,667,20150812,10.8,19.87,10.6
20150813,477,20150813,7.2,14.56,8.5
20150814,419,20150814,9.8,18.54,11.2
20150815,5,20150815,7.7,13.04,6.5
20150817,756,20150817,13.1,20.18,11.3
20150818,967,20150818,8.1,16.34,8.7
20150819,553,20150819,5.5,9.03,0.2
20150820,752,20150820,3.9,6.42,0.8
20150821,679,20150821,6.3,10.35,4.3
20150822,319,20150822,6.2,14.11,6.9
20150824,418,20150824,7,12.71,5.3
20150825,579,20150825,5.3,4.19,0
20150826,805,20150826,6.4,11.44,3.6
20150827,935,20150827,8.8,21.75,12.2
20150828,494,20150828,9.1,12.64,6.8
20150829,399,20150829,11.8,17.29,10.7
20150831,745,20150831,10.2,16.15,8.8
20150901,873,20150901,8.1,16.85,8.3
20150902,615,20150902,5.7,8.66,3.3
20150903,719,20150903,8.4,16.1,10.2
20150904,453,20150904,10.1,15.13,8.4
20150905,181,20150905,4.2,5.13,0
20150907,623,20150907,11.9,20.4,12.2
20150908,854,20150908,12.7,21.41,12.3
20150909,826,20150909,14.8,20.51,12
20150910,927,20150910,11.4,19.7,11.9
20150911,605,20150911,7.6,7.39,1.8
20150912,660,20150912,8.5,11.82,5.8
20150914,816,20150914,11.4,14.36,10
20150915,947,20150915,11.3,19.02,11.2
20150916,558,20150916,10.7,19.62,11.7
20150917,699,20150917,12.1,19.7,11.4
20150918,588,20150918,13.3,18.02,10
20150919,486,20150919,12,17.45,11.5
20150921,1132,20150921,12.9,14.14,10
20150922,868,20150922,13,17.12,11.2
20150923,1030,20150923,7.1,7.24,2.1
20150924,1289,20150924,13.1,16.16,10.3
20150925,578,20150925,10.8,14.77,9.5
20150929,42,20150929,12.3,17.07,9.4
20150930,942,20150930,6.8,9.74,3.7
20151001,535,20151001,9,1.74,0
20151002,638,20151002,12.9,14.08,10.5
20151005,1053,20151005,14.6,16.27,11
20151006,1161,20151006,14.2,15.06,10.5
20151007,627,20151007,11.6,11.87,6.9
20151008,922,20151008,10.7,14.45,9.8
20151010,320,20151010,6.8,4.71,2.2
20151011,28,20151011,6.3,5.97,1.5
20151012,808,20151012,9.7,15.18,10.6
20151013,793,20151013,13.5,13.78,10.1
20151014,875,20151014,13.6,14.07,9.2
20151015,644,20151015,14,13.21,9.8
20151016,670,20151016,11,9.97,7.6
20151017,307,20151017,14.2,13.82,10.2
20151019,785,20151019,10.3,10.67,7.6
20151020,1120,20151020,9.7,10.77,6.9
20151021,741,20151021,8.8,9.93,6.7
20151022,790,20151022,8.6,9.2,4.6
20151023,509,20151023,6.2,7.24,4.1
20151024,301,20151024,8.8,10.46,6.9
20151026,771,20151026,6.7,7.11,2.4
20151027,1006,20151027,8.2,9.17,7
20151028,613,20151028,10.2,13.01,9.7
20151029,421,20151029,11.5,10.86,7
20151030,413,20151030,8.7,13.64,9.7
20151031,182,20151031,11.2,13.52,9.7
20151102,620,20151102,9.1,8.68,6.6
20151103,934,20151103,12.1,10.84,9
20151104,809,20151104,14,11.07,9.1
20151105,1036,20151105,10.6,9.56,8.1
20151106,591,20151106,9.6,8.42,5.6
20151107,273,20151107,2.4,2,0
20151109,564,20151109,2.3,3.48,0
20151110,1074,20151110,5.8,6.06,2.6
20151111,431,20151111,11.1,9.47,7.1
20151112,667,20151112,10.8,11.05,8.9
20151113,286,20151113,2.6,1.54,0
20151114,326,20151114,3.2,2.24,0
20151115,60,20151115,6.6,8.5,5.4
20151116,552,20151116,3.3,2.51,0
20151117,1017,20151117,8.3,10.27,8.8
20151118,897,20151118,4.2,1.53,0
20151119,817,20151119,4.1,2.82,0
20151120,569,20151120,7.3,6.66,5.3
20151121,171,20151121,10.4,9.03,8.2
20151123,616,20151123,4.5,3.56,0
20151124,819,20151124,6.1,4.6,0
20151125,544,20151125,4.4,2.16,0.4
20151126,540,20151126,5.7,3.63,2.3
20151127,373,20151127,9.3,7.12,5.2
20151128,200,20151128,5.3,2.62,0
20151130,733,20151130,7.6,9.51,8.5
20151201,368,20151201,11.7,9.03,9.1
20151202,725,20151202,5.6,1.46,0.5
20151203,916,20151203,6.5,2.76,1.3
20151204,395,20151204,7.5,7.65,6.9
20151205,278,20151205,6.6,9.01,7.8
20151207,708,20151207,10.1,8.99,8.8
20151208,1050,20151208,11,8.42,9
20151209,756,20151209,11.7,7.36,7.2
20151210,670,20151210,3.4,1.48,0
20151211,438,20151211,8.9,8.33,7.7
20151212,271,20151212,9.9,9.32,8.9
20151214,585,20151214,3.8,1.89,0
20151215,862,20151215,6.2,4.65,3.2
20151216,723,20151216,7.8,8.78,8.3
20151217,908,20151217,7,9.77,9.1
20151218,840,20151218,6,1.66,0
20151219,507,20151219,11.4,8.78,8.8
20151221,508,20151221,5.2,3.11,2.4
20151222,510,20151222,9.2,7.97,7.1
20151223,1282,20151223,7.7,6.87,5.9
20151224,617,20151224,6.9,6,4.7
20151226,229,20151226,7.9,4.48,0
20151228,908,20151228,8.5,9.78,9.2
20151229,589,20151229,11.6,7.16,7.6
20151230,570,20151230,7.8,5.43,3.1
20151231,858,20151231,4.7,3.98,2.9
